id	molar_mass_kg_per_kmol	t_min_k	t_max_k	a0	a1	a2	a3	a4	a5	a6	a7	a8	h_offset_j_per_kg	s_offset_j_per_kg_k
H2	2.0158800000000001	200	1000	40783.232100000001	-800.91860399999996	8.2147020099999999	-0.012697144570000001	1.753605076e-05	-1.20286027e-08	3.36809349e-12	2682.4846649999999	-30.437888439999998	0	0
H2	2.0158800000000001	1000	6000	560812.80099999998	-837.15047400000003	2.975364532	0.0012522491239999999	-3.7407161900000001e-07	5.9366252000000005e-11	-3.6069940999999999e-15	5339.8244100000002	-2.2027747689999999	0	0
H2	2.0158800000000001	6000	20000	496688412	-314754.71490000002	79.841218799999993	-0.0084147892100000007	4.7532483500000001e-07	-1.371873492e-11	1.605461756e-16	2488433.5159999998	-669.572811	0	0
O2	31.998799999999999	200	1000	-34255.6342	484.70009700000003	1.1190109610000001	0.0042938892400000003	-6.8363005199999996e-07	-2.0233726999999998e-09	1.039040018e-12	-3391.45487	18.496994699999998	0	0
O2	31.998799999999999	1000	6000	-1037939.022	2344.8302819999999	1.819732036	0.001267847582	-2.188067988e-07	2.053719572e-11	-8.1934670499999999e-16	-16890.10929	17.387165060000001	0	0
O2	31.998799999999999	6000	20000	497529430	-286610.6874	66.903522499999994	-0.00616995902	3.0163960270000002e-07	-7.4214166000000006e-12	7.2781757700000004e-17	2293554.0269999998	-553.06216099999995	0	0
N2	28.013400000000001	200	1000	22103.714970000001	-381.846182	6.0827383599999996	-0.0085309144099999998	1.384646189e-05	-9.6257936199999997e-09	2.5197058090000001e-12	710.84608600000001	-10.76003744	0	0
N2	28.013400000000001	1000	6000	587712.40599999996	-2239.249073	6.0669492199999997	-0.00061396854999999997	1.4918066790000001e-07	-1.9231054850000001e-11	1.0619543859999999e-15	12832.104149999999	-15.86640027	0	0
N2	28.013400000000001	6000	20000	831013916	-642073.35400000005	202.02646350000001	-0.030650920460000002	2.486903333e-06	-9.7059541099999996e-11	1.437538881e-15	4938707.04	-1672.0997400000001	0	0
H2O	18.015280000000001	200	1000	-39479.6083	575.57310199999995	0.93178265299999996	0.0072227128600000001	-7.34255737e-06	4.9550434900000003e-09	-1.336933246e-12	-33039.7431	17.242057750000001	0	0
H2O	18.015280000000001	1000	6000	1034972.096	-2412.698562	4.6461107799999999	0.002291998307	-6.8368304800000004e-07	9.4264689299999995e-11	-4.82238053e-15	-13842.865089999999	-7.9781485099999996	0	0
CO	28.010100000000001	200	1000	14890.45326	-292.22859390000002	5.72452717	-0.0081762350299999995	1.456903469e-05	-1.087746302e-08	3.0279418269999999e-12	-13031.31878	-7.8592413499999996	0	0
CO	28.010100000000001	1000	6000	461919.72499999998	-1944.7048629999999	5.9167141799999996	-0.00056642828299999996	1.3988145400000001e-07	-1.787680361e-11	9.6209355700000001e-16	-2466.2610840000002	-13.87413108	0	0
CO	28.010100000000001	6000	20000	886866296	-750037.78399999999	249.5474979	-0.039563511000000003	3.2977720799999999e-06	-1.3184099330000001e-10	1.9989379479999998e-15	5701421.1299999999	-2060.7047859999998	0	0
CO2	44.009500000000003	200	1000	49436.505400000002	-626.41160100000002	5.3017252399999997	0.0025038138159999999	-2.127308728e-07	-7.6899887800000002e-10	2.8496778010000001e-13	-45281.984600000003	-7.04827944	0	0
CO2	44.009500000000003	1000	6000	117696.24189999999	-1788.791477	8.2915231899999995	-9.2231567800000002e-05	4.8636768799999996e-09	-1.891053312e-12	6.3300365900000004e-16	-39083.505899999996	-26.52669281	0	0
CO2	44.009500000000003	6000	20000	-1544423287	1016847.056	-256.14052299999997	0.0336940108	-2.1811843369999998e-06	6.9914208399999994e-11	-8.8423515000000003e-16	-8043214.5099999998	2254.1774930000001	0	0
CH4	16.042459999999998	200	1000	-176685.0998	2786.18102	-12.025778499999999	0.039176192899999997	-3.61905443e-05	2.0268530430000001e-08	-4.9767054900000002e-12	-23313.143599999999	89.0432275	0	0
CH4	16.042459999999998	1000	6000	3730042.7599999998	-13835.01485	20.491070910000001	-0.001961974759	4.7273130399999999e-07	-3.7288146900000001e-11	1.623737207e-15	75320.669099999999	-121.9124889	0	0
H	1.0079400000000001	200	1000	0	0	2.5	0	0	0	0	25473.708009999998	-0.44668285299999999	0	0
H	1.0079400000000001	1000	6000	60.7877425	-0.18193544170000001	2.5002118169999998	-1.2265128639999999e-07	3.7328763300000002e-11	-5.6877445600000004e-15	3.4102101969999999e-19	25474.863979999998	-0.44819177700000001	0	0
H	1.0079400000000001	6000	20000	217375769.40000001	-131203.54029999999	33.991742000000002	-0.0038139996800000001	2.4328548370000002e-07	-7.6942755399999996e-12	9.6441056300000003e-17	1067638.0859999999	-274.2301051	0	0
O	15.9994	200	1000	-7953.6112999999996	160.7177787	1.9662264380000001	0.00101367031	-1.1104154229999999e-06	6.5175074999999998e-10	-1.5847792510000001e-13	28403.624370000001	8.4042418199999993	0	0
O	15.9994	1000	6000	261902.02619999999	-729.87220300000001	3.3171772700000002	-0.00042813343600000002	1.036104594e-07	-9.4383043299999994e-12	2.7250382969999999e-16	33924.280599999998	-0.66795853500000002	0	0
O	15.9994	6000	20000	177900426.40000001	-108232.8257	28.107783649999998	-0.0029752322619999998	1.854997534e-07	-5.7962315399999998e-12	7.1917201640000004e-17	889094.26300000004	-218.17281510000001	0	0
OH	17.007339999999999	200	1000	-1998.8589899999999	93.001361599999996	3.050854229	0.0015295292880000001	-3.157890998e-06	3.3154461800000001e-09	-1.138762683e-12	2991.2142349999999	4.6741107900000003	0	0
OH	17.007339999999999	1000	6000	1017393.379	-2509.9572760000001	5.1165478599999998	0.00013052999300000001	-8.2843222600000004e-08	2.006475941e-11	-1.5569936559999999e-15	20196.40206	-11.01282337	0	0
OH	17.007339999999999	6000	20000	284723419.30000001	-185953.26120000001	50.082408999999998	-0.0051423749800000003	2.8755365890000002e-07	-8.2288179599999994e-12	9.5672290199999995e-17	1468393.9080000001	-402.35555799999997	0	0
